session_id,path
11305,data/datasets/query_prediction_session_11305.pkl
11311,data/datasets/query_prediction_session_11311.pkl
11675,data/datasets/query_prediction_session_11675.pkl
11891,data/datasets/query_prediction_session_11891.pkl
11073,data/datasets/query_prediction_session_11073.pkl
11932,data/datasets/query_prediction_session_11932.pkl
11098,data/datasets/query_prediction_session_11098.pkl
11926,data/datasets/query_prediction_session_11926.pkl
11271,data/datasets/query_prediction_session_11271.pkl
11517,data/datasets/query_prediction_session_11517.pkl
11265,data/datasets/query_prediction_session_11265.pkl
11259,data/datasets/query_prediction_session_11259.pkl
11258,data/datasets/query_prediction_session_11258.pkl
12023,data/datasets/query_prediction_session_12023.pkl
11264,data/datasets/query_prediction_session_11264.pkl
12235,data/datasets/query_prediction_session_12235.pkl
11066,data/datasets/query_prediction_session_11066.pkl
11072,data/datasets/query_prediction_session_11072.pkl
11648,data/datasets/query_prediction_session_11648.pkl
11890,data/datasets/query_prediction_session_11890.pkl
11884,data/datasets/query_prediction_session_11884.pkl
11112,data/datasets/query_prediction_session_11112.pkl
11674,data/datasets/query_prediction_session_11674.pkl
11660,data/datasets/query_prediction_session_11660.pkl
12180,data/datasets/query_prediction_session_12180.pkl
11338,data/datasets/query_prediction_session_11338.pkl
11310,data/datasets/query_prediction_session_11310.pkl
11304,data/datasets/query_prediction_session_11304.pkl
11462,data/datasets/query_prediction_session_11462.pkl
11460,data/datasets/query_prediction_session_11460.pkl
11306,data/datasets/query_prediction_session_11306.pkl
12155,data/datasets/query_prediction_session_12155.pkl
11676,data/datasets/query_prediction_session_11676.pkl
11879,data/datasets/query_prediction_session_11879.pkl
11702,data/datasets/query_prediction_session_11702.pkl
11064,data/datasets/query_prediction_session_11064.pkl
11070,data/datasets/query_prediction_session_11070.pkl
12237,data/datasets/query_prediction_session_12237.pkl
11058,data/datasets/query_prediction_session_11058.pkl
11931,data/datasets/query_prediction_session_11931.pkl
11266,data/datasets/query_prediction_session_11266.pkl
11272,data/datasets/query_prediction_session_11272.pkl
11528,data/datasets/query_prediction_session_11528.pkl
11298,data/datasets/query_prediction_session_11298.pkl
12034,data/datasets/query_prediction_session_12034.pkl
11273,data/datasets/query_prediction_session_11273.pkl
11267,data/datasets/query_prediction_session_11267.pkl
11930,data/datasets/query_prediction_session_11930.pkl
11703,data/datasets/query_prediction_session_11703.pkl
11065,data/datasets/query_prediction_session_11065.pkl
11844,data/datasets/query_prediction_session_11844.pkl
11887,data/datasets/query_prediction_session_11887.pkl
11663,data/datasets/query_prediction_session_11663.pkl
11677,data/datasets/query_prediction_session_11677.pkl
11461,data/datasets/query_prediction_session_11461.pkl
11459,data/datasets/query_prediction_session_11459.pkl
11317,data/datasets/query_prediction_session_11317.pkl
11303,data/datasets/query_prediction_session_11303.pkl
11129,data/datasets/query_prediction_session_11129.pkl
11115,data/datasets/query_prediction_session_11115.pkl
11673,data/datasets/query_prediction_session_11673.pkl
11698,data/datasets/query_prediction_session_11698.pkl
11049,data/datasets/query_prediction_session_11049.pkl
11061,data/datasets/query_prediction_session_11061.pkl
11934,data/datasets/query_prediction_session_11934.pkl
11539,data/datasets/query_prediction_session_11539.pkl
11263,data/datasets/query_prediction_session_11263.pkl
11276,data/datasets/query_prediction_session_11276.pkl
12019,data/datasets/query_prediction_session_12019.pkl
11262,data/datasets/query_prediction_session_11262.pkl
12031,data/datasets/query_prediction_session_12031.pkl
11538,data/datasets/query_prediction_session_11538.pkl
11909,data/datasets/query_prediction_session_11909.pkl
11935,data/datasets/query_prediction_session_11935.pkl
11074,data/datasets/query_prediction_session_11074.pkl
11060,data/datasets/query_prediction_session_11060.pkl
11048,data/datasets/query_prediction_session_11048.pkl
11841,data/datasets/query_prediction_session_11841.pkl
11672,data/datasets/query_prediction_session_11672.pkl
11882,data/datasets/query_prediction_session_11882.pkl
11128,data/datasets/query_prediction_session_11128.pkl
11302,data/datasets/query_prediction_session_11302.pkl
11464,data/datasets/query_prediction_session_11464.pkl
11470,data/datasets/query_prediction_session_11470.pkl
11316,data/datasets/query_prediction_session_11316.pkl
11458,data/datasets/query_prediction_session_11458.pkl
12153,data/datasets/query_prediction_session_12153.pkl
11328,data/datasets/query_prediction_session_11328.pkl
12147,data/datasets/query_prediction_session_12147.pkl
11300,data/datasets/query_prediction_session_11300.pkl
11499,data/datasets/query_prediction_session_11499.pkl
12184,data/datasets/query_prediction_session_12184.pkl
11664,data/datasets/query_prediction_session_11664.pkl
11076,data/datasets/query_prediction_session_11076.pkl
12219,data/datasets/query_prediction_session_12219.pkl
11062,data/datasets/query_prediction_session_11062.pkl
11089,data/datasets/query_prediction_session_11089.pkl
11937,data/datasets/query_prediction_session_11937.pkl
11248,data/datasets/query_prediction_session_11248.pkl
12033,data/datasets/query_prediction_session_12033.pkl
11274,data/datasets/query_prediction_session_11274.pkl
11260,data/datasets/query_prediction_session_11260.pkl
11261,data/datasets/query_prediction_session_11261.pkl
11513,data/datasets/query_prediction_session_11513.pkl
11249,data/datasets/query_prediction_session_11249.pkl
11088,data/datasets/query_prediction_session_11088.pkl
11936,data/datasets/query_prediction_session_11936.pkl
11705,data/datasets/query_prediction_session_11705.pkl
11077,data/datasets/query_prediction_session_11077.pkl
11895,data/datasets/query_prediction_session_11895.pkl
11659,data/datasets/query_prediction_session_11659.pkl
11315,data/datasets/query_prediction_session_11315.pkl
11467,data/datasets/query_prediction_session_11467.pkl
11301,data/datasets/query_prediction_session_11301.pkl
11329,data/datasets/query_prediction_session_11329.pkl
12152,data/datasets/query_prediction_session_12152.pkl
12109,data/datasets/query_prediction_session_12109.pkl
11400,data/datasets/query_prediction_session_11400.pkl
11366,data/datasets/query_prediction_session_11366.pkl
11372,data/datasets/query_prediction_session_11372.pkl
11414,data/datasets/query_prediction_session_11414.pkl
12121,data/datasets/query_prediction_session_12121.pkl
11428,data/datasets/query_prediction_session_11428.pkl
11399,data/datasets/query_prediction_session_11399.pkl
11158,data/datasets/query_prediction_session_11158.pkl
11819,data/datasets/query_prediction_session_11819.pkl
11986,data/datasets/query_prediction_session_11986.pkl
11038,data/datasets/query_prediction_session_11038.pkl
11212,data/datasets/query_prediction_session_11212.pkl
12054,data/datasets/query_prediction_session_12054.pkl
11213,data/datasets/query_prediction_session_11213.pkl
11978,data/datasets/query_prediction_session_11978.pkl
11039,data/datasets/query_prediction_session_11039.pkl
11429,data/datasets/query_prediction_session_11429.pkl
11373,data/datasets/query_prediction_session_11373.pkl
11415,data/datasets/query_prediction_session_11415.pkl
11401,data/datasets/query_prediction_session_11401.pkl
11417,data/datasets/query_prediction_session_11417.pkl
11371,data/datasets/query_prediction_session_11371.pkl
11365,data/datasets/query_prediction_session_11365.pkl
11403,data/datasets/query_prediction_session_11403.pkl
12122,data/datasets/query_prediction_session_12122.pkl
11359,data/datasets/query_prediction_session_11359.pkl
11173,data/datasets/query_prediction_session_11173.pkl
11198,data/datasets/query_prediction_session_11198.pkl
11211,data/datasets/query_prediction_session_11211.pkl
12057,data/datasets/query_prediction_session_12057.pkl
11238,data/datasets/query_prediction_session_11238.pkl
11204,data/datasets/query_prediction_session_11204.pkl
11199,data/datasets/query_prediction_session_11199.pkl
11628,data/datasets/query_prediction_session_11628.pkl
11600,data/datasets/query_prediction_session_11600.pkl
11614,data/datasets/query_prediction_session_11614.pkl
11358,data/datasets/query_prediction_session_11358.pkl
11364,data/datasets/query_prediction_session_11364.pkl
11370,data/datasets/query_prediction_session_11370.pkl
11348,data/datasets/query_prediction_session_11348.pkl
11374,data/datasets/query_prediction_session_11374.pkl
11412,data/datasets/query_prediction_session_11412.pkl
11406,data/datasets/query_prediction_session_11406.pkl
11360,data/datasets/query_prediction_session_11360.pkl
11638,data/datasets/query_prediction_session_11638.pkl
11189,data/datasets/query_prediction_session_11189.pkl
11016,data/datasets/query_prediction_session_11016.pkl
11957,data/datasets/query_prediction_session_11957.pkl
12053,data/datasets/query_prediction_session_12053.pkl
12047,data/datasets/query_prediction_session_12047.pkl
11228,data/datasets/query_prediction_session_11228.pkl
11200,data/datasets/query_prediction_session_11200.pkl
11215,data/datasets/query_prediction_session_11215.pkl
11201,data/datasets/query_prediction_session_11201.pkl
11229,data/datasets/query_prediction_session_11229.pkl
11956,data/datasets/query_prediction_session_11956.pkl
11942,data/datasets/query_prediction_session_11942.pkl
11017,data/datasets/query_prediction_session_11017.pkl
11177,data/datasets/query_prediction_session_11177.pkl
11407,data/datasets/query_prediction_session_11407.pkl
11361,data/datasets/query_prediction_session_11361.pkl
11375,data/datasets/query_prediction_session_11375.pkl
11413,data/datasets/query_prediction_session_11413.pkl
12126,data/datasets/query_prediction_session_12126.pkl
11439,data/datasets/query_prediction_session_11439.pkl
12124,data/datasets/query_prediction_session_12124.pkl
11363,data/datasets/query_prediction_session_11363.pkl
11405,data/datasets/query_prediction_session_11405.pkl
11411,data/datasets/query_prediction_session_11411.pkl
12118,data/datasets/query_prediction_session_12118.pkl
11377,data/datasets/query_prediction_session_11377.pkl
11613,data/datasets/query_prediction_session_11613.pkl
11029,data/datasets/query_prediction_session_11029.pkl
11015,data/datasets/query_prediction_session_11015.pkl
11968,data/datasets/query_prediction_session_11968.pkl
12050,data/datasets/query_prediction_session_12050.pkl
11217,data/datasets/query_prediction_session_11217.pkl
11203,data/datasets/query_prediction_session_11203.pkl
11216,data/datasets/query_prediction_session_11216.pkl
11941,data/datasets/query_prediction_session_11941.pkl
11028,data/datasets/query_prediction_session_11028.pkl
11174,data/datasets/query_prediction_session_11174.pkl
11389,data/datasets/query_prediction_session_11389.pkl
12119,data/datasets/query_prediction_session_12119.pkl
11410,data/datasets/query_prediction_session_11410.pkl
11362,data/datasets/query_prediction_session_11362.pkl
11404,data/datasets/query_prediction_session_11404.pkl
11438,data/datasets/query_prediction_session_11438.pkl
11347,data/datasets/query_prediction_session_11347.pkl
11353,data/datasets/query_prediction_session_11353.pkl
11409,data/datasets/query_prediction_session_11409.pkl
11390,data/datasets/query_prediction_session_11390.pkl
11145,data/datasets/query_prediction_session_11145.pkl
11637,data/datasets/query_prediction_session_11637.pkl
11179,data/datasets/query_prediction_session_11179.pkl
11192,data/datasets/query_prediction_session_11192.pkl
11031,data/datasets/query_prediction_session_11031.pkl
11025,data/datasets/query_prediction_session_11025.pkl
11019,data/datasets/query_prediction_session_11019.pkl
11958,data/datasets/query_prediction_session_11958.pkl
11233,data/datasets/query_prediction_session_11233.pkl
11227,data/datasets/query_prediction_session_11227.pkl
12048,data/datasets/query_prediction_session_12048.pkl
12049,data/datasets/query_prediction_session_12049.pkl
11232,data/datasets/query_prediction_session_11232.pkl
11018,data/datasets/query_prediction_session_11018.pkl
11024,data/datasets/query_prediction_session_11024.pkl
11187,data/datasets/query_prediction_session_11187.pkl
11178,data/datasets/query_prediction_session_11178.pkl
11144,data/datasets/query_prediction_session_11144.pkl
11391,data/datasets/query_prediction_session_11391.pkl
11385,data/datasets/query_prediction_session_11385.pkl
11408,data/datasets/query_prediction_session_11408.pkl
11352,data/datasets/query_prediction_session_11352.pkl
11434,data/datasets/query_prediction_session_11434.pkl
11346,data/datasets/query_prediction_session_11346.pkl
11436,data/datasets/query_prediction_session_11436.pkl
11350,data/datasets/query_prediction_session_11350.pkl
11344,data/datasets/query_prediction_session_11344.pkl
11422,data/datasets/query_prediction_session_11422.pkl
11378,data/datasets/query_prediction_session_11378.pkl
11393,data/datasets/query_prediction_session_11393.pkl
11387,data/datasets/query_prediction_session_11387.pkl
11146,data/datasets/query_prediction_session_11146.pkl
11026,data/datasets/query_prediction_session_11026.pkl
11998,data/datasets/query_prediction_session_11998.pkl
11032,data/datasets/query_prediction_session_11032.pkl
11967,data/datasets/query_prediction_session_11967.pkl
11224,data/datasets/query_prediction_session_11224.pkl
11218,data/datasets/query_prediction_session_11218.pkl
12063,data/datasets/query_prediction_session_12063.pkl
12062,data/datasets/query_prediction_session_12062.pkl
12076,data/datasets/query_prediction_session_12076.pkl
11219,data/datasets/query_prediction_session_11219.pkl
11231,data/datasets/query_prediction_session_11231.pkl
11033,data/datasets/query_prediction_session_11033.pkl
11027,data/datasets/query_prediction_session_11027.pkl
11147,data/datasets/query_prediction_session_11147.pkl
11392,data/datasets/query_prediction_session_11392.pkl
11379,data/datasets/query_prediction_session_11379.pkl
12116,data/datasets/query_prediction_session_12116.pkl
11345,data/datasets/query_prediction_session_11345.pkl
11423,data/datasets/query_prediction_session_11423.pkl
11437,data/datasets/query_prediction_session_11437.pkl
11351,data/datasets/query_prediction_session_11351.pkl
11369,data/datasets/query_prediction_session_11369.pkl
12112,data/datasets/query_prediction_session_12112.pkl
11355,data/datasets/query_prediction_session_11355.pkl
11433,data/datasets/query_prediction_session_11433.pkl
11427,data/datasets/query_prediction_session_11427.pkl
11341,data/datasets/query_prediction_session_11341.pkl
11396,data/datasets/query_prediction_session_11396.pkl
11631,data/datasets/query_prediction_session_11631.pkl
11157,data/datasets/query_prediction_session_11157.pkl
11180,data/datasets/query_prediction_session_11180.pkl
11023,data/datasets/query_prediction_session_11023.pkl
11037,data/datasets/query_prediction_session_11037.pkl
11962,data/datasets/query_prediction_session_11962.pkl
12072,data/datasets/query_prediction_session_12072.pkl
11221,data/datasets/query_prediction_session_11221.pkl
11234,data/datasets/query_prediction_session_11234.pkl
11208,data/datasets/query_prediction_session_11208.pkl
11036,data/datasets/query_prediction_session_11036.pkl
11022,data/datasets/query_prediction_session_11022.pkl
11142,data/datasets/query_prediction_session_11142.pkl
11630,data/datasets/query_prediction_session_11630.pkl
11156,data/datasets/query_prediction_session_11156.pkl
11618,data/datasets/query_prediction_session_11618.pkl
11383,data/datasets/query_prediction_session_11383.pkl
11397,data/datasets/query_prediction_session_11397.pkl
11426,data/datasets/query_prediction_session_11426.pkl
11340,data/datasets/query_prediction_session_11340.pkl
11354,data/datasets/query_prediction_session_11354.pkl
11432,data/datasets/query_prediction_session_11432.pkl
11342,data/datasets/query_prediction_session_11342.pkl
11424,data/datasets/query_prediction_session_11424.pkl
11430,data/datasets/query_prediction_session_11430.pkl
11356,data/datasets/query_prediction_session_11356.pkl
11626,data/datasets/query_prediction_session_11626.pkl
11140,data/datasets/query_prediction_session_11140.pkl
11632,data/datasets/query_prediction_session_11632.pkl
11815,data/datasets/query_prediction_session_11815.pkl
11183,data/datasets/query_prediction_session_11183.pkl
11034,data/datasets/query_prediction_session_11034.pkl
11975,data/datasets/query_prediction_session_11975.pkl
11961,data/datasets/query_prediction_session_11961.pkl
11949,data/datasets/query_prediction_session_11949.pkl
12071,data/datasets/query_prediction_session_12071.pkl
11236,data/datasets/query_prediction_session_11236.pkl
12059,data/datasets/query_prediction_session_12059.pkl
11222,data/datasets/query_prediction_session_11222.pkl
11223,data/datasets/query_prediction_session_11223.pkl
11237,data/datasets/query_prediction_session_11237.pkl
12058,data/datasets/query_prediction_session_12058.pkl
11960,data/datasets/query_prediction_session_11960.pkl
11035,data/datasets/query_prediction_session_11035.pkl
11196,data/datasets/query_prediction_session_11196.pkl
11182,data/datasets/query_prediction_session_11182.pkl
11627,data/datasets/query_prediction_session_11627.pkl
11141,data/datasets/query_prediction_session_11141.pkl
11394,data/datasets/query_prediction_session_11394.pkl
11431,data/datasets/query_prediction_session_11431.pkl
11357,data/datasets/query_prediction_session_11357.pkl
11425,data/datasets/query_prediction_session_11425.pkl
11324,data/datasets/query_prediction_session_11324.pkl
11330,data/datasets/query_prediction_session_11330.pkl
11318,data/datasets/query_prediction_session_11318.pkl
12177,data/datasets/query_prediction_session_12177.pkl
11481,data/datasets/query_prediction_session_11481.pkl
11126,data/datasets/query_prediction_session_11126.pkl
11654,data/datasets/query_prediction_session_11654.pkl
11668,data/datasets/query_prediction_session_11668.pkl
11697,data/datasets/query_prediction_session_11697.pkl
11052,data/datasets/query_prediction_session_11052.pkl
11085,data/datasets/query_prediction_session_11085.pkl
11907,data/datasets/query_prediction_session_11907.pkl
11250,data/datasets/query_prediction_session_11250.pkl
11244,data/datasets/query_prediction_session_11244.pkl
11278,data/datasets/query_prediction_session_11278.pkl
11287,data/datasets/query_prediction_session_11287.pkl
11279,data/datasets/query_prediction_session_11279.pkl
11245,data/datasets/query_prediction_session_11245.pkl
11251,data/datasets/query_prediction_session_11251.pkl
11084,data/datasets/query_prediction_session_11084.pkl
11090,data/datasets/query_prediction_session_11090.pkl
12214,data/datasets/query_prediction_session_12214.pkl
11047,data/datasets/query_prediction_session_11047.pkl
11721,data/datasets/query_prediction_session_11721.pkl
11053,data/datasets/query_prediction_session_11053.pkl
11669,data/datasets/query_prediction_session_11669.pkl
11655,data/datasets/query_prediction_session_11655.pkl
11319,data/datasets/query_prediction_session_11319.pkl
11325,data/datasets/query_prediction_session_11325.pkl
11333,data/datasets/query_prediction_session_11333.pkl
11441,data/datasets/query_prediction_session_11441.pkl
11327,data/datasets/query_prediction_session_11327.pkl
11469,data/datasets/query_prediction_session_11469.pkl
11125,data/datasets/query_prediction_session_11125.pkl
11680,data/datasets/query_prediction_session_11680.pkl
11723,data/datasets/query_prediction_session_11723.pkl
11045,data/datasets/query_prediction_session_11045.pkl
11051,../query-data-predictor/data/datasets/query_prediction_session_11051.pkl
11938,data/datasets/query_prediction_session_11938.pkl
11086,data/datasets/query_prediction_session_11086.pkl
11092,data/datasets/query_prediction_session_11092.pkl
11910,data/datasets/query_prediction_session_11910.pkl
11247,data/datasets/query_prediction_session_11247.pkl
12028,data/datasets/query_prediction_session_12028.pkl
11253,data/datasets/query_prediction_session_11253.pkl
12014,data/datasets/query_prediction_session_12014.pkl
12015,data/datasets/query_prediction_session_12015.pkl
11252,data/datasets/query_prediction_session_11252.pkl
11246,data/datasets/query_prediction_session_11246.pkl
11520,data/datasets/query_prediction_session_11520.pkl
11911,data/datasets/query_prediction_session_11911.pkl
11905,data/datasets/query_prediction_session_11905.pkl
11093,data/datasets/query_prediction_session_11093.pkl
11939,data/datasets/query_prediction_session_11939.pkl
12217,data/datasets/query_prediction_session_12217.pkl
11078,data/datasets/query_prediction_session_11078.pkl
11050,data/datasets/query_prediction_session_11050.pkl
11044,data/datasets/query_prediction_session_11044.pkl
11124,data/datasets/query_prediction_session_11124.pkl
11656,data/datasets/query_prediction_session_11656.pkl
11497,data/datasets/query_prediction_session_11497.pkl
11468,data/datasets/query_prediction_session_11468.pkl
11326,data/datasets/query_prediction_session_11326.pkl
11332,data/datasets/query_prediction_session_11332.pkl
11454,data/datasets/query_prediction_session_11454.pkl
11478,data/datasets/query_prediction_session_11478.pkl
11450,data/datasets/query_prediction_session_11450.pkl
11336,data/datasets/query_prediction_session_11336.pkl
11322,data/datasets/query_prediction_session_11322.pkl
11108,data/datasets/query_prediction_session_11108.pkl
11646,data/datasets/query_prediction_session_11646.pkl
11691,data/datasets/query_prediction_session_11691.pkl
11685,data/datasets/query_prediction_session_11685.pkl
11068,data/datasets/query_prediction_session_11068.pkl
11040,data/datasets/query_prediction_session_11040.pkl
11929,data/datasets/query_prediction_session_11929.pkl
11097,data/datasets/query_prediction_session_11097.pkl
12005,data/datasets/query_prediction_session_12005.pkl
11242,data/datasets/query_prediction_session_11242.pkl
11256,data/datasets/query_prediction_session_11256.pkl
12039,data/datasets/query_prediction_session_12039.pkl
11281,data/datasets/query_prediction_session_11281.pkl
11295,data/datasets/query_prediction_session_11295.pkl
11294,data/datasets/query_prediction_session_11294.pkl
11280,data/datasets/query_prediction_session_11280.pkl
11257,data/datasets/query_prediction_session_11257.pkl
11525,data/datasets/query_prediction_session_11525.pkl
11243,data/datasets/query_prediction_session_11243.pkl
12010,data/datasets/query_prediction_session_12010.pkl
11928,data/datasets/query_prediction_session_11928.pkl
11096,data/datasets/query_prediction_session_11096.pkl
11082,data/datasets/query_prediction_session_11082.pkl
11914,data/datasets/query_prediction_session_11914.pkl
11055,data/datasets/query_prediction_session_11055.pkl
11041,data/datasets/query_prediction_session_11041.pkl
11069,data/datasets/query_prediction_session_11069.pkl
11109,data/datasets/query_prediction_session_11109.pkl
11486,data/datasets/query_prediction_session_11486.pkl
11323,data/datasets/query_prediction_session_11323.pkl
11451,data/datasets/query_prediction_session_11451.pkl
11337,data/datasets/query_prediction_session_11337.pkl
12170,data/datasets/query_prediction_session_12170.pkl
11479,data/datasets/query_prediction_session_11479.pkl
11309,data/datasets/query_prediction_session_11309.pkl
12166,data/datasets/query_prediction_session_12166.pkl
11447,data/datasets/query_prediction_session_11447.pkl
11321,data/datasets/query_prediction_session_11321.pkl
11335,data/datasets/query_prediction_session_11335.pkl
11453,data/datasets/query_prediction_session_11453.pkl
11679,data/datasets/query_prediction_session_11679.pkl
11651,data/datasets/query_prediction_session_11651.pkl
11137,data/datasets/query_prediction_session_11137.pkl
11692,data/datasets/query_prediction_session_11692.pkl
12204,data/datasets/query_prediction_session_12204.pkl
12210,data/datasets/query_prediction_session_12210.pkl
11057,data/datasets/query_prediction_session_11057.pkl
12238,data/datasets/query_prediction_session_12238.pkl
11043,data/datasets/query_prediction_session_11043.pkl
11094,data/datasets/query_prediction_session_11094.pkl
11080,data/datasets/query_prediction_session_11080.pkl
12006,data/datasets/query_prediction_session_12006.pkl
12012,data/datasets/query_prediction_session_12012.pkl
11241,data/datasets/query_prediction_session_11241.pkl
11282,data/datasets/query_prediction_session_11282.pkl
11283,data/datasets/query_prediction_session_11283.pkl
11240,data/datasets/query_prediction_session_11240.pkl
11254,data/datasets/query_prediction_session_11254.pkl
12007,data/datasets/query_prediction_session_12007.pkl
11268,data/datasets/query_prediction_session_11268.pkl
11081,data/datasets/query_prediction_session_11081.pkl
11095,data/datasets/query_prediction_session_11095.pkl
11056,data/datasets/query_prediction_session_11056.pkl
12211,data/datasets/query_prediction_session_12211.pkl
11687,data/datasets/query_prediction_session_11687.pkl
11136,data/datasets/query_prediction_session_11136.pkl
11122,data/datasets/query_prediction_session_11122.pkl
11334,data/datasets/query_prediction_session_11334.pkl
11452,data/datasets/query_prediction_session_11452.pkl
11446,data/datasets/query_prediction_session_11446.pkl
11320,data/datasets/query_prediction_session_11320.pkl
11308,data/datasets/query_prediction_session_11308.pkl
12167,data/datasets/query_prediction_session_12167.pkl
